{
	"class": [
		{
			"name": "Monk",
			"source": "PHB",
			"effects": [
				{
					"name": "Unarmored Movement",
					"changes": [
						{
							"key": "data.attributes.movement.walk",
							"mode": "ADD",
							"value": "@classes.monk.levels > 16 ? 30 : @classes.monk.levels > 13 ? 25 : @classes.monk.levels > 9 ? 20 : @classes.monk.levels > 5 ? 15 : @classes.monk.levels > 1 ? 10 : 0"
						}
					]
				}
			]
		}
	],
	"classFeature": [
		{
			"name": "Metamagic",
			"source": "PHB",
			"className": "Sorcerer",
			"classSource": "PHB",
			"level": 3,
			"entries": [
				"At 3rd level, you gain the ability to twist your spells to suit your needs. You gain two of the following Metamagic options of your choice. You gain another one at 10th and 17th level.",
				"You can use only one Metamagic option on a spell when you cast it, unless otherwise noted.",
				{
					"type": "options",
					"count": 2,
					"entries": [
						{
							"type": "refOptionalfeature",
							"optionalfeature": "Careful Spell"
						},
						{
							"type": "refOptionalfeature",
							"optionalfeature": "Distant Spell"
						},
						{
							"type": "refOptionalfeature",
							"optionalfeature": "Empowered Spell"
						},
						{
							"type": "refOptionalfeature",
							"optionalfeature": "Extended Spell"
						},
						{
							"type": "refOptionalfeature",
							"optionalfeature": "Heightened Spell"
						},
						{
							"type": "refOptionalfeature",
							"optionalfeature": "Quickened Spell"
						},
						{
							"type": "refOptionalfeature",
							"optionalfeature": "Subtle Spell"
						},
						{
							"type": "refOptionalfeature",
							"optionalfeature": "Twinned Spell"
						},
						{
							"type": "refOptionalfeature",
							"optionalfeature": "Elemental Spell|UAClassFeatureVariants"
						},
						{
							"type": "refOptionalfeature",
							"optionalfeature": "Seeking Spell|UAClassFeatureVariants"
						},
						{
							"type": "refOptionalfeature",
							"optionalfeature": "Unerring Spell|UAClassFeatureVariants"
						},
						{
							"type": "refOptionalfeature",
							"optionalfeature": "Seeking Spell|TCE"
						},
						{
							"type": "refOptionalfeature",
							"optionalfeature": "Transmuted Spell|TCE"
						}
					]
				}
			]
		},
		{
			"name": "Metamagic Options",
			"source": "UAClassFeatureVariants",
			"className": "Sorcerer",
			"classSource": "PHB",
			"level": 3,
			"isIgnored": true
		},
		{
			"name": "Metamagic Options",
			"source": "TCE",
			"className": "Sorcerer",
			"classSource": "PHB",
			"level": 3,
			"isIgnored": true
		},
		{
			"name": "Metamagic",
			"source": "PHB",
			"className": "Sorcerer",
			"classSource": "PHB",
			"level": 10,
			"entries": [
				{
					"type": "options",
					"count": 1,
					"entries": [
						{
							"type": "refOptionalfeature",
							"optionalfeature": "Careful Spell"
						},
						{
							"type": "refOptionalfeature",
							"optionalfeature": "Distant Spell"
						},
						{
							"type": "refOptionalfeature",
							"optionalfeature": "Empowered Spell"
						},
						{
							"type": "refOptionalfeature",
							"optionalfeature": "Extended Spell"
						},
						{
							"type": "refOptionalfeature",
							"optionalfeature": "Heightened Spell"
						},
						{
							"type": "refOptionalfeature",
							"optionalfeature": "Quickened Spell"
						},
						{
							"type": "refOptionalfeature",
							"optionalfeature": "Subtle Spell"
						},
						{
							"type": "refOptionalfeature",
							"optionalfeature": "Twinned Spell"
						},
						{
							"type": "refOptionalfeature",
							"optionalfeature": "Elemental Spell|UAClassFeatureVariants"
						},
						{
							"type": "refOptionalfeature",
							"optionalfeature": "Seeking Spell|UAClassFeatureVariants"
						},
						{
							"type": "refOptionalfeature",
							"optionalfeature": "Unerring Spell|UAClassFeatureVariants"
						},
						{
							"type": "refOptionalfeature",
							"optionalfeature": "Seeking Spell|TCE"
						},
						{
							"type": "refOptionalfeature",
							"optionalfeature": "Transmuted Spell|TCE"
						}
					]
				}
			]
		},
		{
			"name": "Metamagic",
			"source": "PHB",
			"className": "Sorcerer",
			"classSource": "PHB",
			"level": 17,
			"entries": [
				{
					"type": "options",
					"count": 1,
					"entries": [
						{
							"type": "refOptionalfeature",
							"optionalfeature": "Careful Spell"
						},
						{
							"type": "refOptionalfeature",
							"optionalfeature": "Distant Spell"
						},
						{
							"type": "refOptionalfeature",
							"optionalfeature": "Empowered Spell"
						},
						{
							"type": "refOptionalfeature",
							"optionalfeature": "Extended Spell"
						},
						{
							"type": "refOptionalfeature",
							"optionalfeature": "Heightened Spell"
						},
						{
							"type": "refOptionalfeature",
							"optionalfeature": "Quickened Spell"
						},
						{
							"type": "refOptionalfeature",
							"optionalfeature": "Subtle Spell"
						},
						{
							"type": "refOptionalfeature",
							"optionalfeature": "Twinned Spell"
						},
						{
							"type": "refOptionalfeature",
							"optionalfeature": "Elemental Spell|UAClassFeatureVariants"
						},
						{
							"type": "refOptionalfeature",
							"optionalfeature": "Seeking Spell|UAClassFeatureVariants"
						},
						{
							"type": "refOptionalfeature",
							"optionalfeature": "Unerring Spell|UAClassFeatureVariants"
						},
						{
							"type": "refOptionalfeature",
							"optionalfeature": "Seeking Spell|TCE"
						},
						{
							"type": "refOptionalfeature",
							"optionalfeature": "Transmuted Spell|TCE"
						}
					]
				}
			]
		},
		{
			"name": "Infusions Known",
			"source": "TCE",
			"className": "Artificer",
			"classSource": "TCE",
			"level": 2,
			"isIgnored": true
		},
		{
			"name": "Eldritch Invocations",
			"source": "PHB",
			"className": "Warlock",
			"classSource": "PHB",
			"level": 2,
			"entries": [
				"In your study of occult lore, you have unearthed eldritch invocations, fragments of forbidden knowledge that imbue you with an abiding magical ability.",
				"At 2nd level, you gain two eldritch invocations of your choice. Your invocation options are detailed at the end of the class description. When you gain certain warlock levels, you gain additional invocations of your choice, as shown in the Invocations Known column of the Warlock table.",
				"Additionally, when you gain a level in this class, you can choose one of the invocations you know and replace it with another invocation that you could learn at that level.",
				"If an eldritch invocation has prerequisites, you must meet them to learn it. You can learn the invocation at the same time that you meet its prerequisites. A level prerequisite refers to your level in this class."
			]
		},
		{
			"name": "Martial Arts",
			"source": "PHB",
			"className": "Monk",
			"classSource": "PHB",
			"level": 1,
			"subEntities": {
				"item": [
					{
						"name": "Unarmed Strike (Monk)",
						"source": "PHB",
						"page": 76,
						"srd": true,
						"type": "M",
						"rarity": "none",
						"weaponCategory": "simple",
						"entries": [
							{
								"type": "quote",
								"entries": [
									"Tether even a roasted chicken."
								],
								"by": "Yamamoto Tsunetomo",
								"from": "Hagakure Kikigaki"
							}
						],
						"foundryData": {
							"equipped": true,
							"damage.parts": [
								[
									"1d(@classes.monk.levels > 16 ? 10 : @classes.monk.levels > 10 ? 8 : @classes.monk.levels > 4 ? 6 : 4) + @mod",
									"bludgeoning"
								]
							],
							"ability": "dex"
						}
					}
				]
			}
		},
		{
			"name": "Fast Movement",
			"source": "PHB",
			"className": "Barbarian",
			"classSource": "PHB",
			"level": 5,
			"effects": [
				{
					"changes": [
						{
							"key": "data.attributes.movement.walk",
							"mode": "ADD",
							"value": 10
						}
					]
				}
			]
		}
	],
	"subclassFeature": [
		{
			"name": "Eagle",
			"source": "PHB",
			"className": "Barbarian",
			"classSource": "PHB",
			"subclassShortName": "Totem Warrior",
			"subclassSource": "PHB",
			"level": 3,
			"data": {
				"activation.type": "bonus",
				"activation.cost": 1
			}
		},
		{
			"name": "Maneuvers",
			"source": "PHB",
			"className": "Fighter",
			"classSource": "PHB",
			"subclassShortName": "Battle Master",
			"subclassSource": "PHB",
			"level": 3,
			"entries": [
				"The maneuvers are presented in alphabetical order.",
				{
					"type": "options",
					"count": 3,
					"entries": [
						{
							"type": "refOptionalfeature",
							"optionalfeature": "Commander's Strike"
						},
						{
							"type": "refOptionalfeature",
							"optionalfeature": "Disarming Attack"
						},
						{
							"type": "refOptionalfeature",
							"optionalfeature": "Distracting Strike"
						},
						{
							"type": "refOptionalfeature",
							"optionalfeature": "Evasive Footwork"
						},
						{
							"type": "refOptionalfeature",
							"optionalfeature": "Feinting Attack"
						},
						{
							"type": "refOptionalfeature",
							"optionalfeature": "Goading Attack"
						},
						{
							"type": "refOptionalfeature",
							"optionalfeature": "Lunging Attack"
						},
						{
							"type": "refOptionalfeature",
							"optionalfeature": "Maneuvering Attack"
						},
						{
							"type": "refOptionalfeature",
							"optionalfeature": "Menacing Attack"
						},
						{
							"type": "refOptionalfeature",
							"optionalfeature": "Parry"
						},
						{
							"type": "refOptionalfeature",
							"optionalfeature": "Precision Attack"
						},
						{
							"type": "refOptionalfeature",
							"optionalfeature": "Pushing Attack"
						},
						{
							"type": "refOptionalfeature",
							"optionalfeature": "Rally"
						},
						{
							"type": "refOptionalfeature",
							"optionalfeature": "Riposte"
						},
						{
							"type": "refOptionalfeature",
							"optionalfeature": "Sweeping Attack"
						},
						{
							"type": "refOptionalfeature",
							"optionalfeature": "Trip Attack"
						},
						{
							"type": "refOptionalfeature",
							"optionalfeature": "Ambush|UAClassFeatureVariants"
						},
						{
							"type": "refOptionalfeature",
							"optionalfeature": "Bait and Switch|UAClassFeatureVariants"
						},
						{
							"type": "refOptionalfeature",
							"optionalfeature": "Brace|UAClassFeatureVariants"
						},
						{
							"type": "refOptionalfeature",
							"optionalfeature": "Restraining Strike|UAClassFeatureVariants"
						},
						{
							"type": "refOptionalfeature",
							"optionalfeature": "Silver Tongue|UAClassFeatureVariants"
						},
						{
							"type": "refOptionalfeature",
							"optionalfeature": "Snipe|UAClassFeatureVariants"
						},
						{
							"type": "refOptionalfeature",
							"optionalfeature": "Studious Eye|UAClassFeatureVariants"
						},
						{
							"type": "refOptionalfeature",
							"optionalfeature": "Ambush|TCE"
						},
						{
							"type": "refOptionalfeature",
							"optionalfeature": "Bait and Switch|TCE"
						},
						{
							"type": "refOptionalfeature",
							"optionalfeature": "Brace|TCE"
						},
						{
							"type": "refOptionalfeature",
							"optionalfeature": "Commanding Presence|TCE"
						},
						{
							"type": "refOptionalfeature",
							"optionalfeature": "Grappling Strike|TCE"
						},
						{
							"type": "refOptionalfeature",
							"optionalfeature": "Quick Toss|TCE"
						},
						{
							"type": "refOptionalfeature",
							"optionalfeature": "Tactical Assessment|TCE"
						}
					]
				}
			]
		},
		{
			"name": "Additional Maneuvers",
			"source": "PHB",
			"className": "Fighter",
			"classSource": "PHB",
			"subclassShortName": "Battle Master",
			"subclassSource": "PHB",
			"level": 7,
			"entries": [
				{
					"type": "options",
					"count": 2,
					"entries": [
						{
							"type": "refOptionalfeature",
							"optionalfeature": "Commander's Strike"
						},
						{
							"type": "refOptionalfeature",
							"optionalfeature": "Disarming Attack"
						},
						{
							"type": "refOptionalfeature",
							"optionalfeature": "Distracting Strike"
						},
						{
							"type": "refOptionalfeature",
							"optionalfeature": "Evasive Footwork"
						},
						{
							"type": "refOptionalfeature",
							"optionalfeature": "Feinting Attack"
						},
						{
							"type": "refOptionalfeature",
							"optionalfeature": "Goading Attack"
						},
						{
							"type": "refOptionalfeature",
							"optionalfeature": "Lunging Attack"
						},
						{
							"type": "refOptionalfeature",
							"optionalfeature": "Maneuvering Attack"
						},
						{
							"type": "refOptionalfeature",
							"optionalfeature": "Menacing Attack"
						},
						{
							"type": "refOptionalfeature",
							"optionalfeature": "Parry"
						},
						{
							"type": "refOptionalfeature",
							"optionalfeature": "Precision Attack"
						},
						{
							"type": "refOptionalfeature",
							"optionalfeature": "Pushing Attack"
						},
						{
							"type": "refOptionalfeature",
							"optionalfeature": "Rally"
						},
						{
							"type": "refOptionalfeature",
							"optionalfeature": "Riposte"
						},
						{
							"type": "refOptionalfeature",
							"optionalfeature": "Sweeping Attack"
						},
						{
							"type": "refOptionalfeature",
							"optionalfeature": "Trip Attack"
						},
						{
							"type": "refOptionalfeature",
							"optionalfeature": "Ambush|UAClassFeatureVariants"
						},
						{
							"type": "refOptionalfeature",
							"optionalfeature": "Bait and Switch|UAClassFeatureVariants"
						},
						{
							"type": "refOptionalfeature",
							"optionalfeature": "Brace|UAClassFeatureVariants"
						},
						{
							"type": "refOptionalfeature",
							"optionalfeature": "Restraining Strike|UAClassFeatureVariants"
						},
						{
							"type": "refOptionalfeature",
							"optionalfeature": "Silver Tongue|UAClassFeatureVariants"
						},
						{
							"type": "refOptionalfeature",
							"optionalfeature": "Snipe|UAClassFeatureVariants"
						},
						{
							"type": "refOptionalfeature",
							"optionalfeature": "Studious Eye|UAClassFeatureVariants"
						},
						{
							"type": "refOptionalfeature",
							"optionalfeature": "Ambush|TCE"
						},
						{
							"type": "refOptionalfeature",
							"optionalfeature": "Bait and Switch|TCE"
						},
						{
							"type": "refOptionalfeature",
							"optionalfeature": "Brace|TCE"
						},
						{
							"type": "refOptionalfeature",
							"optionalfeature": "Commanding Presence|TCE"
						},
						{
							"type": "refOptionalfeature",
							"optionalfeature": "Grappling Strike|TCE"
						},
						{
							"type": "refOptionalfeature",
							"optionalfeature": "Quick Toss|TCE"
						},
						{
							"type": "refOptionalfeature",
							"optionalfeature": "Tactical Assessment|TCE"
						}
					]
				}
			]
		},
		{
			"name": "Additional Maneuvers",
			"source": "PHB",
			"className": "Fighter",
			"classSource": "PHB",
			"subclassShortName": "Battle Master",
			"subclassSource": "PHB",
			"level": 10,
			"entries": [
				{
					"type": "options",
					"count": 2,
					"entries": [
						{
							"type": "refOptionalfeature",
							"optionalfeature": "Commander's Strike"
						},
						{
							"type": "refOptionalfeature",
							"optionalfeature": "Disarming Attack"
						},
						{
							"type": "refOptionalfeature",
							"optionalfeature": "Distracting Strike"
						},
						{
							"type": "refOptionalfeature",
							"optionalfeature": "Evasive Footwork"
						},
						{
							"type": "refOptionalfeature",
							"optionalfeature": "Feinting Attack"
						},
						{
							"type": "refOptionalfeature",
							"optionalfeature": "Goading Attack"
						},
						{
							"type": "refOptionalfeature",
							"optionalfeature": "Lunging Attack"
						},
						{
							"type": "refOptionalfeature",
							"optionalfeature": "Maneuvering Attack"
						},
						{
							"type": "refOptionalfeature",
							"optionalfeature": "Menacing Attack"
						},
						{
							"type": "refOptionalfeature",
							"optionalfeature": "Parry"
						},
						{
							"type": "refOptionalfeature",
							"optionalfeature": "Precision Attack"
						},
						{
							"type": "refOptionalfeature",
							"optionalfeature": "Pushing Attack"
						},
						{
							"type": "refOptionalfeature",
							"optionalfeature": "Rally"
						},
						{
							"type": "refOptionalfeature",
							"optionalfeature": "Riposte"
						},
						{
							"type": "refOptionalfeature",
							"optionalfeature": "Sweeping Attack"
						},
						{
							"type": "refOptionalfeature",
							"optionalfeature": "Trip Attack"
						},
						{
							"type": "refOptionalfeature",
							"optionalfeature": "Ambush|UAClassFeatureVariants"
						},
						{
							"type": "refOptionalfeature",
							"optionalfeature": "Bait and Switch|UAClassFeatureVariants"
						},
						{
							"type": "refOptionalfeature",
							"optionalfeature": "Brace|UAClassFeatureVariants"
						},
						{
							"type": "refOptionalfeature",
							"optionalfeature": "Restraining Strike|UAClassFeatureVariants"
						},
						{
							"type": "refOptionalfeature",
							"optionalfeature": "Silver Tongue|UAClassFeatureVariants"
						},
						{
							"type": "refOptionalfeature",
							"optionalfeature": "Snipe|UAClassFeatureVariants"
						},
						{
							"type": "refOptionalfeature",
							"optionalfeature": "Studious Eye|UAClassFeatureVariants"
						},
						{
							"type": "refOptionalfeature",
							"optionalfeature": "Ambush|TCE"
						},
						{
							"type": "refOptionalfeature",
							"optionalfeature": "Bait and Switch|TCE"
						},
						{
							"type": "refOptionalfeature",
							"optionalfeature": "Brace|TCE"
						},
						{
							"type": "refOptionalfeature",
							"optionalfeature": "Commanding Presence|TCE"
						},
						{
							"type": "refOptionalfeature",
							"optionalfeature": "Grappling Strike|TCE"
						},
						{
							"type": "refOptionalfeature",
							"optionalfeature": "Quick Toss|TCE"
						},
						{
							"type": "refOptionalfeature",
							"optionalfeature": "Tactical Assessment|TCE"
						}
					]
				}
			]
		},
		{
			"name": "Additional Maneuvers",
			"source": "PHB",
			"className": "Fighter",
			"classSource": "PHB",
			"subclassShortName": "Battle Master",
			"subclassSource": "PHB",
			"level": 15,
			"entries": [
				{
					"type": "options",
					"count": 2,
					"entries": [
						{
							"type": "refOptionalfeature",
							"optionalfeature": "Commander's Strike"
						},
						{
							"type": "refOptionalfeature",
							"optionalfeature": "Disarming Attack"
						},
						{
							"type": "refOptionalfeature",
							"optionalfeature": "Distracting Strike"
						},
						{
							"type": "refOptionalfeature",
							"optionalfeature": "Evasive Footwork"
						},
						{
							"type": "refOptionalfeature",
							"optionalfeature": "Feinting Attack"
						},
						{
							"type": "refOptionalfeature",
							"optionalfeature": "Goading Attack"
						},
						{
							"type": "refOptionalfeature",
							"optionalfeature": "Lunging Attack"
						},
						{
							"type": "refOptionalfeature",
							"optionalfeature": "Maneuvering Attack"
						},
						{
							"type": "refOptionalfeature",
							"optionalfeature": "Menacing Attack"
						},
						{
							"type": "refOptionalfeature",
							"optionalfeature": "Parry"
						},
						{
							"type": "refOptionalfeature",
							"optionalfeature": "Precision Attack"
						},
						{
							"type": "refOptionalfeature",
							"optionalfeature": "Pushing Attack"
						},
						{
							"type": "refOptionalfeature",
							"optionalfeature": "Rally"
						},
						{
							"type": "refOptionalfeature",
							"optionalfeature": "Riposte"
						},
						{
							"type": "refOptionalfeature",
							"optionalfeature": "Sweeping Attack"
						},
						{
							"type": "refOptionalfeature",
							"optionalfeature": "Trip Attack"
						},
						{
							"type": "refOptionalfeature",
							"optionalfeature": "Ambush|UAClassFeatureVariants"
						},
						{
							"type": "refOptionalfeature",
							"optionalfeature": "Bait and Switch|UAClassFeatureVariants"
						},
						{
							"type": "refOptionalfeature",
							"optionalfeature": "Brace|UAClassFeatureVariants"
						},
						{
							"type": "refOptionalfeature",
							"optionalfeature": "Restraining Strike|UAClassFeatureVariants"
						},
						{
							"type": "refOptionalfeature",
							"optionalfeature": "Silver Tongue|UAClassFeatureVariants"
						},
						{
							"type": "refOptionalfeature",
							"optionalfeature": "Snipe|UAClassFeatureVariants"
						},
						{
							"type": "refOptionalfeature",
							"optionalfeature": "Studious Eye|UAClassFeatureVariants"
						},
						{
							"type": "refOptionalfeature",
							"optionalfeature": "Ambush|TCE"
						},
						{
							"type": "refOptionalfeature",
							"optionalfeature": "Bait and Switch|TCE"
						},
						{
							"type": "refOptionalfeature",
							"optionalfeature": "Brace|TCE"
						},
						{
							"type": "refOptionalfeature",
							"optionalfeature": "Commanding Presence|TCE"
						},
						{
							"type": "refOptionalfeature",
							"optionalfeature": "Grappling Strike|TCE"
						},
						{
							"type": "refOptionalfeature",
							"optionalfeature": "Quick Toss|TCE"
						},
						{
							"type": "refOptionalfeature",
							"optionalfeature": "Tactical Assessment|TCE"
						}
					]
				}
			]
		},
		{
			"name": "Maneuver Options",
			"source": "UAClassFeatureVariants",
			"className": "Fighter",
			"classSource": "PHB",
			"subclassShortName": "Battle Master",
			"subclassSource": "PHB",
			"level": 3,
			"isIgnored": true
		},
		{
			"name": "Maneuver Options",
			"source": "TCE",
			"className": "Fighter",
			"classSource": "PHB",
			"subclassShortName": "Battle Master",
			"subclassSource": "PHB",
			"level": 3,
			"isIgnored": true
		},
		{
			"name": "Chemical Mastery",
			"source": "TCE",
			"className": "Artificer",
			"classSource": "TCE",
			"subclassShortName": "Alchemist",
			"subclassSource": "TCE",
			"level": 15,
			"actorDataMod": {
				"traits.dr.value": [
					{
						"mode": "appendIfNotExistsArr",
						"items": [
							"acid",
							"poison"
						]
					}
				],
				"traits.ci.value": [
					{
						"mode": "appendIfNotExistsArr",
						"items": [
							"poisoned"
						]
					}
				]
			}
		},
		{
			"name": "Divine Fury",
			"source": "XGE",
			"className": "Barbarian",
			"classSource": "PHB",
			"subclassShortName": "Zealot",
			"subclassSource": "XGE",
			"level": 3,
			"isChooseDataRenderEntries": true,
			"data": {
				"activation.type": "special",
				"activation.condition": "While you're raging, the first creature you hit on each of your turns with a weapon attack"
			},
			"chooseData": [
				{
					"name": "Necrotic Damage",
					"data": {
						"damage.parts": [
							[
								"1d6 + floor(@classes.barbarian.levels / 2)",
								"necrotic"
							]
						]
					}
				},
				{
					"name": "Radiant Damage",
					"data": {
						"damage.parts": [
							[
								"1d6 + floor(@classes.barbarian.levels / 2)",
								"radiant"
							]
						]
					}
				}
			]
		},
		{
			"name": "Enthralling Performance",
			"source": "XGE",
			"className": "Bard",
			"classSource": "PHB",
			"subclassShortName": "Glamour",
			"subclassSource": "XGE",
			"level": 3,
			"data": {
				"activation.type": "minute",
				"activation.cost": 1,
				"target.value": 60,
				"target.units": "ft",
				"target.type": "sphere"
			}
		},
		{
			"name": "Psychic Blades",
			"source": "XGE",
			"className": "Bard",
			"classSource": "PHB",
			"subclassShortName": "Whispers",
			"subclassSource": "XGE",
			"level": 3,
			"data": {
				"activation.type": "special",
				"activation.condition": "When you hit a creature with a weapon attack",
				"damage.parts": [
					[
						"2d6 + ((@classes.bard.levels)>=5)d6 + (((@classes.bard.levels)>=10)*2)d6 + (((@classes.bard.levels)>=15)*3)d6",
						"psychic"
					]
				]
			}
		},
		{
			"name": "Words of Terror",
			"source": "XGE",
			"className": "Bard",
			"classSource": "PHB",
			"subclassShortName": "Whispers",
			"subclassSource": "XGE",
			"level": 3,
			"data": {
				"activation.type": "minute",
				"activation.cost": 1,
				"target.value": 1,
				"target.type": "creature"
			}
		},
		{
			"name": "Mantle of Whispers",
			"source": "XGE",
			"className": "Bard",
			"classSource": "PHB",
			"subclassShortName": "Whispers",
			"subclassSource": "XGE",
			"level": 6,
			"data": {
				"target.value": 30,
				"target.units": "ft",
				"target.type": "creature"
			}
		},
		{
			"name": "Shadow Lore",
			"source": "XGE",
			"className": "Bard",
			"classSource": "PHB",
			"subclassShortName": "Whispers",
			"subclassSource": "XGE",
			"level": 14,
			"data": {
				"target.value": 30,
				"target.units": "ft",
				"target.type": "creature"
			}
		},
		{
			"name": "Channel Divinity: Arcane Abjuration",
			"source": "SCAG",
			"className": "Cleric",
			"classSource": "PHB",
			"subclassShortName": "Arcana",
			"subclassSource": "SCAG",
			"level": 2,
			"data": {
				"target.value": 1,
				"target.type": "creature",
				"range.value": 30,
				"range.units": "ft"
			}
		},
		{
			"name": "Channel Divinity: Touch of Death",
			"source": "DMG",
			"className": "Cleric",
			"classSource": "PHB",
			"subclassShortName": "Death",
			"subclassSource": "DMG",
			"level": 2,
			"data": {
				"activation.type": "special",
				"activation.condition": "When the cleric hits a creature with a melee attack",
				"damage.parts": [
					[
						"5 + (2 * @classes.cleric.levels)",
						"necrotic"
					]
				]
			}
		},
		{
			"name": "Divine Strike",
			"source": "DMG",
			"className": "Cleric",
			"classSource": "PHB",
			"subclassShortName": "Death",
			"subclassSource": "DMG",
			"level": 8,
			"data": {
				"damage.parts": [
					[
						"(((@classes.cleric.levels)>=14) + 1)d8",
						"necrotic"
					]
				]
			}
		},
		{
			"name": "Divine Strike",
			"source": "XGE",
			"className": "Cleric",
			"classSource": "PHB",
			"subclassShortName": "Forge",
			"subclassSource": "XGE",
			"level": 8,
			"data": {
				"damage.parts": [
					[
						"(((@classes.cleric.levels)>=14) + 1)d8",
						"fire"
					]
				]
			}
		},
		{
			"name": "Saint of Forge and Fire",
			"source": "XGE",
			"className": "Cleric",
			"classSource": "PHB",
			"subclassShortName": "Forge",
			"subclassSource": "XGE",
			"level": 17,
			"actorDataMod": {
				"traits.di.value": [
					{
						"mode": "appendIfNotExistsArr",
						"items": [
							"fire"
						]
					}
				]
			}
		},
		{
			"name": "Channel Divinity: Path to the Grave",
			"source": "XGE",
			"className": "Cleric",
			"classSource": "PHB",
			"subclassShortName": "Grave",
			"subclassSource": "XGE",
			"level": 2,
			"data": {
				"target.value": 1,
				"target.type": "creature",
				"range.value": 30,
				"range.units": "ft"
			}
		},
		{
			"name": "Sentinel at Death's Door",
			"source": "XGE",
			"className": "Cleric",
			"classSource": "PHB",
			"subclassShortName": "Grave",
			"subclassSource": "XGE",
			"level": 6,
			"data": {
				"target.value": 1,
				"target.type": "creature",
				"range.value": 30,
				"range.units": "ft"
			}
		},
		{
			"name": "Keeper of Souls",
			"source": "XGE",
			"className": "Cleric",
			"classSource": "PHB",
			"subclassShortName": "Grave",
			"subclassSource": "XGE",
			"level": 17,
			"data": {
				"target.value": 1,
				"target.type": "creature",
				"range.value": 60,
				"range.units": "ft"
			}
		},
		{
			"name": "Channel Divinity: Knowledge of the Ages",
			"source": "PHB",
			"className": "Cleric",
			"classSource": "PHB",
			"subclassShortName": "Knowledge",
			"subclassSource": "PHB",
			"level": 2,
			"data": {
				"duration.value": 10,
				"duration.units": "minute"
			}
		},
		{
			"name": "Channel Divinity: Read Thoughts",
			"source": "PHB",
			"className": "Cleric",
			"classSource": "PHB",
			"subclassShortName": "Knowledge",
			"subclassSource": "PHB",
			"level": 6,
			"data": {
				"target.value": 1,
				"target.type": "creature",
				"range.value": 60,
				"range.units": "ft"
			}
		},
		{
			"name": "Visions of the Past",
			"source": "PHB",
			"className": "Cleric",
			"classSource": "PHB",
			"subclassShortName": "Knowledge",
			"subclassSource": "PHB",
			"level": 17,
			"data": {
				"activation.type": "minute",
				"activation.cost": 1
			}
		},
		{
			"name": "Channel Divinity: Radiance of the Dawn",
			"source": "PHB",
			"className": "Cleric",
			"classSource": "PHB",
			"subclassShortName": "Light",
			"subclassSource": "PHB",
			"level": 2,
			"data": {
				"target.value": 30,
				"target.units": "ft",
				"target.type": "sphere",
				"damage.parts": [
					[
						"2d10 + @classes.cleric.levels",
						"radiant"
					]
				],
				"formula": ""
			}
		},
		{
			"name": "Corona of Light",
			"source": "PHB",
			"className": "Cleric",
			"classSource": "PHB",
			"subclassShortName": "Light",
			"subclassSource": "PHB",
			"level": 17,
			"data": {
				"target.value": 60,
				"target.units": "ft",
				"target.type": "sphere"
			}
		},
		{
			"name": "Channel Divinity: Charm Animals and Plants",
			"source": "PHB",
			"className": "Cleric",
			"classSource": "PHB",
			"subclassShortName": "Nature",
			"subclassSource": "PHB",
			"level": 2,
			"data": {
				"target.value": 30,
				"target.units": "ft",
				"target.type": "sphere",
				"damage.parts": [
					[
						"2d10 + @classes.cleric.levels",
						"radiant"
					]
				]
			}
		},
		{
			"name": "Divine Strike",
			"source": "PHB",
			"className": "Cleric",
			"classSource": "PHB",
			"subclassShortName": "Nature",
			"subclassSource": "PHB",
			"level": 8,
			"data": {
				"damage.parts": [
					[
						"(((@classes.cleric.levels)>=14) + 1)d8",
						"cold"
					],
					[
						"(((@classes.cleric.levels)>=14) + 1)d8",
						"fire"
					],
					[
						"(((@classes.cleric.levels)>=14) + 1)d8",
						"lightning"
					]
				]
			}
		},
		{
			"name": "Channel Divinity: Order's Demand",
			"source": "TCE",
			"className": "Cleric",
			"classSource": "PHB",
			"subclassShortName": "Order",
			"subclassSource": "TCE",
			"level": 2,
			"data": {
				"target.value": 30,
				"target.units": "ft",
				"target.type": "sphere"
			}
		},
		{
			"name": "Divine Strike",
			"source": "TCE",
			"className": "Cleric",
			"classSource": "PHB",
			"subclassShortName": "Order",
			"subclassSource": "TCE",
			"level": 8,
			"data": {
				"damage.parts": [
					[
						"(((@classes.cleric.levels)>=14) + 1)d8",
						"psychic"
					]
				]
			}
		},
		{
			"name": "Channel Divinity: Invoke Duplicity",
			"source": "PHB",
			"className": "Cleric",
			"classSource": "PHB",
			"subclassShortName": "Trickery",
			"subclassSource": "PHB",
			"level": 2,
			"data": {
				"target.value": 1,
				"target.type": "space",
				"range.value": 30,
				"range.units": "ft"
			}
		},
		{
			"name": "Divine Strike",
			"source": "PHB",
			"className": "Cleric",
			"classSource": "PHB",
			"subclassShortName": "Trickery",
			"subclassSource": "PHB",
			"level": 8,
			"data": {
				"damage.parts": [
					[
						"(((@classes.cleric.levels)>=14) + 1)d8",
						"poison"
					]
				]
			}
		},
		{
			"name": "Balm of the Summer Court",
			"source": "XGE",
			"className": "Druid",
			"classSource": "PHB",
			"subclassShortName": "Dreams",
			"subclassSource": "XGE",
			"level": 2,
			"data": {
				"target.value": 1,
				"target.type": "creature",
				"range.value": 120,
				"range.units": "ft"
			}
		},
		{
			"name": "Hearth of Moonlight and Shadow",
			"source": "XGE",
			"className": "Druid",
			"classSource": "PHB",
			"subclassShortName": "Dreams",
			"subclassSource": "XGE",
			"level": 6,
			"data": {
				"target.value": 30,
				"target.units": "ft",
				"target.type": "sphere"
			}
		},
		{
			"name": "Hidden Paths",
			"source": "XGE",
			"className": "Druid",
			"classSource": "PHB",
			"subclassShortName": "Dreams",
			"subclassSource": "XGE",
			"level": 10,
			"data": {
				"target.value": 1,
				"target.type": "space",
				"range.value": 60,
				"range.units": "ft"
			}
		},
		{
			"name": "Nature's Ward",
			"source": "PHB",
			"className": "Druid",
			"classSource": "PHB",
			"subclassShortName": "Land",
			"subclassSource": "PHB",
			"level": 10,
			"actorDataMod": {
				"traits.di.value": [
					{
						"mode": "appendIfNotExistsArr",
						"items": [
							"poison"
						]
					}
				],
				"traits.ci.value": [
					{
						"mode": "appendIfNotExistsArr",
						"items": [
							"diseased",
							"poisoned"
						]
					}
				]
			}
		},
		{
			"name": "Speech of the Woods",
			"source": "XGE",
			"className": "Druid",
			"classSource": "PHB",
			"subclassShortName": "Shepherd",
			"subclassSource": "XGE",
			"level": 2,
			"actorDataMod": {
				"traits.languages.value": [
					{
						"mode": "appendIfNotExistsArr",
						"items": [
							"sylvan"
						]
					}
				]
			}
		},
		{
			"name": "Spirit Totem",
			"source": "XGE",
			"className": "Druid",
			"classSource": "PHB",
			"subclassShortName": "Shepherd",
			"subclassSource": "XGE",
			"level": 2,
			"data": {
				"target.value": 1,
				"target.type": "space",
				"range.value": 60,
				"range.units": "ft"
			}
		},
		{
			"name": "Halo of Spores",
			"source": "TCE",
			"className": "Druid",
			"classSource": "PHB",
			"subclassShortName": "Spores",
			"subclassSource": "TCE",
			"level": 2,
			"data": {
				"target.value": 10,
				"target.units": "ft",
				"target.type": "sphere",
				"range.units": "self"
			}
		},
		{
			"name": "Spreading Spores",
			"source": "TCE",
			"className": "Druid",
			"classSource": "PHB",
			"subclassShortName": "Spores",
			"subclassSource": "TCE",
			"level": 10,
			"data": {
				"target.value": 10,
				"target.units": "ft",
				"target.type": "cube",
				"range.value": 30,
				"range.units": "ft",
				"duration.value": 1,
				"duration.units": "minute"
			}
		},
		{
			"name": "Fungal Body",
			"source": "TCE",
			"className": "Druid",
			"classSource": "PHB",
			"subclassShortName": "Spores",
			"subclassSource": "TCE",
			"level": 14,
			"actorDataMod": {
				"traits.ci.value": [
					{
						"mode": "appendIfNotExistsArr",
						"items": [
							"blinded",
							"deafened",
							"frightened",
							"poisoned"
						]
					}
				]
			}
		},
		{
			"name": "Arcane Charge",
			"source": "PHB",
			"className": "Fighter",
			"classSource": "PHB",
			"subclassShortName": "Eldritch Knight",
			"subclassSource": "PHB",
			"level": 15,
			"data": {
				"target.value": 1,
				"target.type": "space",
				"range.value": 30,
				"range.units": "ft"
			}
		},
		{
			"name": "Rallying Cry",
			"source": "SCAG",
			"className": "Fighter",
			"classSource": "PHB",
			"subclassShortName": "Purple Dragon Knight (Banneret)",
			"subclassSource": "SCAG",
			"level": 3,
			"data": {
				"target.value": 3,
				"target.type": "creature",
				"range.value": 60,
				"range.units": "ft"
			}
		},
		{
			"name": "Inspiring Surge",
			"source": "SCAG",
			"className": "Fighter",
			"classSource": "PHB",
			"subclassShortName": "Purple Dragon Knight (Banneret)",
			"subclassSource": "SCAG",
			"level": 10,
			"data": {
				"target.value": 1,
				"target.type": "ally",
				"range.value": 60,
				"range.units": "ft"
			}
		},
		{
			"name": "Hour of Reaping",
			"source": "SCAG",
			"className": "Monk",
			"classSource": "PHB",
			"subclassShortName": "Long Death",
			"subclassSource": "SCAG",
			"level": 6,
			"data": {
				"target.value": 30,
				"target.units": "ft",
				"target.type": "sphere"
			}
		},
		{
			"name": "Shadow Step",
			"source": "PHB",
			"className": "Monk",
			"classSource": "PHB",
			"subclassShortName": "Shadow",
			"subclassSource": "PHB",
			"level": 6,
			"data": {
				"target.value": 60,
				"target.units": "ft",
				"target.type": "space"
			}
		},
		{
			"name": "Searing Sunburst",
			"source": "XGE",
			"className": "Monk",
			"classSource": "PHB",
			"subclassShortName": "Sun Soul",
			"subclassSource": "XGE",
			"level": 11,
			"data": {
				"target.value": 20,
				"target.units": "ft",
				"target.type": "sphere",
				"range.value": 150,
				"range.units": "ft"
			}
		},
		{
			"name": "Sun Shield",
			"source": "XGE",
			"className": "Monk",
			"classSource": "PHB",
			"subclassShortName": "Sun Soul",
			"subclassSource": "XGE",
			"level": 17,
			"data": {
				"target.value": 60,
				"target.units": "ft",
				"target.type": "radius"
			}
		},
		{
			"name": "Channel Divinity: Nature's Wrath",
			"source": "PHB",
			"className": "Paladin",
			"classSource": "PHB",
			"subclassShortName": "Ancients",
			"subclassSource": "PHB",
			"level": 3,
			"data": {
				"target.value": 1,
				"target.type": "creature",
				"range.value": 10,
				"range.units": "ft"
			}
		},
		{
			"name": "Channel Divinity: Turn the Faithless",
			"source": "PHB",
			"className": "Paladin",
			"classSource": "PHB",
			"subclassShortName": "Ancients",
			"subclassSource": "PHB",
			"level": 3,
			"data": {
				"target.value": 30,
				"target.units": "ft",
				"target.type": "creature"
			}
		},
		{
			"name": "Channel Divinity: Conquering Presence",
			"source": "XGE",
			"className": "Paladin",
			"classSource": "PHB",
			"subclassShortName": "Conquest",
			"subclassSource": "XGE",
			"level": 3,
			"data": {
				"target.value": 30,
				"target.units": "ft",
				"target.type": "creature"
			}
		},
		{
			"name": "Channel Divinity: Champion Challenge",
			"source": "SCAG",
			"className": "Paladin",
			"classSource": "PHB",
			"subclassShortName": "Crown",
			"subclassSource": "SCAG",
			"level": 3,
			"data": {
				"target.value": 30,
				"target.units": "ft",
				"target.type": "creature"
			}
		},
		{
			"name": "Channel Divinity: Turn the Tide",
			"source": "SCAG",
			"className": "Paladin",
			"classSource": "PHB",
			"subclassShortName": "Crown",
			"subclassSource": "SCAG",
			"level": 3,
			"data": {
				"target.value": 30,
				"target.units": "ft",
				"target.type": "creature"
			}
		},
		{
			"name": "Channel Divinity: Sacred Weapon",
			"source": "PHB",
			"className": "Paladin",
			"classSource": "PHB",
			"subclassShortName": "Devotion",
			"subclassSource": "PHB",
			"level": 3,
			"data": {
				"target.value": 40,
				"target.units": "ft",
				"target.type": "radius"
			}
		},
		{
			"name": "Channel Divinity: Turn the Unholy",
			"source": "PHB",
			"className": "Paladin",
			"classSource": "PHB",
			"subclassShortName": "Devotion",
			"subclassSource": "PHB",
			"level": 3,
			"data": {
				"target.value": 30,
				"target.units": "ft",
				"target.type": "creature"
			}
		},
		{
			"name": "Holy Nimbus",
			"source": "PHB",
			"className": "Paladin",
			"classSource": "PHB",
			"subclassShortName": "Devotion",
			"subclassSource": "PHB",
			"level": 20,
			"data": {
				"target.value": 60,
				"target.units": "ft",
				"target.type": "radius"
			}
		},
		{
			"name": "Inspiring Smite",
			"source": "TCE",
			"className": "Paladin",
			"classSource": "PHB",
			"subclassShortName": "Glory",
			"subclassSource": "TCE",
			"level": 3,
			"data": {
				"target.value": 30,
				"target.units": "ft",
				"target.type": "creature"
			}
		},
		{
			"name": "Glorious Defense",
			"source": "TCE",
			"className": "Paladin",
			"classSource": "PHB",
			"subclassShortName": "Glory",
			"subclassSource": "TCE",
			"level": 15,
			"data": {
				"range.value": 10,
				"range.units": "ft"
			}
		},
		{
			"name": "Oathbreaker Channel Divinity: Control Undead",
			"source": "DMG",
			"className": "Paladin",
			"classSource": "PHB",
			"subclassShortName": "Oathbreaker",
			"subclassSource": "DMG",
			"level": 3,
			"data": {
				"target.value": 30,
				"target.units": "ft",
				"target.type": "creature"
			}
		},
		{
			"name": "Oathbreaker Channel Divinity: Dreadful Aspect",
			"source": "DMG",
			"className": "Paladin",
			"classSource": "PHB",
			"subclassShortName": "Oathbreaker",
			"subclassSource": "DMG",
			"level": 3,
			"data": {
				"target.value": 30,
				"target.units": "ft",
				"target.type": "creature"
			}
		},
		{
			"name": "Channel Divinity: Rebuke the Violent",
			"source": "XGE",
			"className": "Paladin",
			"classSource": "PHB",
			"subclassShortName": "Redemption",
			"subclassSource": "XGE",
			"level": 3,
			"data": {
				"range.value": 30,
				"range.units": "ft"
			}
		},
		{
			"name": "Channel Divinity: Abjure Enemy",
			"source": "PHB",
			"className": "Paladin",
			"classSource": "PHB",
			"subclassShortName": "Vengeance",
			"subclassSource": "PHB",
			"level": 3,
			"data": {
				"range.value": 60,
				"range.units": "ft"
			}
		},
		{
			"name": "Channel Divinity: Vow of Enmity",
			"source": "PHB",
			"className": "Paladin",
			"classSource": "PHB",
			"subclassShortName": "Vengeance",
			"subclassSource": "PHB",
			"level": 3,
			"data": {
				"range.value": 10,
				"range.units": "ft"
			}
		},
		{
			"name": "Umbral Sight",
			"source": "XGE",
			"className": "Ranger",
			"classSource": "PHB",
			"subclassShortName": "Gloom Stalker",
			"subclassSource": "XGE",
			"level": 3,
			"actorTokenMod": {
				"_": [
					{
						"mode": "conditionals",
						"conditionals": [
							{
								"condition": "!PLUT_CONTEXT?.actor?.data?.token?.dimSight",
								"mod": {
									"dimSight": [
										{
											"mode": "set",
											"value": 60
										}
									]
								}
							},
							{
								"mod": {
									"dimSight": [
										{
											"mode": "scalarAdd",
											"scalar": 30
										}
									]
								}
							}
						]
					}
				]
			}
		},
		{
			"name": "Hunter's Sense",
			"source": "XGE",
			"className": "Ranger",
			"classSource": "PHB",
			"subclassShortName": "Monster Slayer",
			"subclassSource": "XGE",
			"level": 3,
			"data": {
				"range.value": 60,
				"range.units": "ft"
			}
		},
		{
			"name": "Slayer's Prey",
			"source": "XGE",
			"className": "Ranger",
			"classSource": "PHB",
			"subclassShortName": "Monster Slayer",
			"subclassSource": "XGE",
			"level": 3,
			"data": {
				"range.value": 60,
				"range.units": "ft"
			}
		},
		{
			"name": "Magic-User's Nemesis",
			"source": "XGE",
			"className": "Ranger",
			"classSource": "PHB",
			"subclassShortName": "Monster Slayer",
			"subclassSource": "XGE",
			"level": 11,
			"data": {
				"range.value": 60,
				"range.units": "ft"
			}
		},
		{
			"name": "Master of Tactics",
			"source": "XGE",
			"className": "Rogue",
			"classSource": "PHB",
			"subclassShortName": "Mastermind",
			"subclassSource": "XGE",
			"level": 3,
			"data": {
				"range.value": 30,
				"range.units": "ft"
			}
		},
		{
			"name": "Superior Mobility",
			"source": "XGE",
			"className": "Rogue",
			"classSource": "PHB",
			"subclassShortName": "Scout",
			"subclassSource": "XGE",
			"level": 9,
			"actorDataMod": {
				"attributes.speed.value": [
					{
						"mode": "scalarAddUnit",
						"scalar": 10,
						"unit": "feet",
						"unitShort": "ft."
					}
				]
			}
		},
		{
			"name": "Draconic Presence",
			"source": "PHB",
			"className": "Sorcerer",
			"classSource": "PHB",
			"subclassShortName": "Draconic",
			"subclassSource": "PHB",
			"level": 18,
			"data": {
				"target.value": 60,
				"target.units": "ft",
				"target.type": "sphere"
			}
		},
		{
			"name": "Hound of Ill Omen",
			"source": "XGE",
			"className": "Sorcerer",
			"classSource": "PHB",
			"subclassShortName": "Shadow",
			"subclassSource": "XGE",
			"level": 6,
			"data": {
				"target.value": 1,
				"target.type": "creature",
				"range.value": 120,
				"range.units": "ft"
			}
		},
		{
			"name": "Shadow Walk",
			"source": "XGE",
			"className": "Sorcerer",
			"classSource": "PHB",
			"subclassShortName": "Shadow",
			"subclassSource": "XGE",
			"level": 14,
			"data": {
				"target.value": 1,
				"target.type": "space",
				"range.value": 120,
				"range.units": "ft"
			}
		},
		{
			"name": "Heart of the Storm",
			"source": "XGE",
			"className": "Sorcerer",
			"classSource": "PHB",
			"subclassShortName": "Storm",
			"subclassSource": "XGE",
			"level": 6,
			"actorDataMod": {
				"traits.dr.value": [
					{
						"mode": "appendIfNotExistsArr",
						"items": [
							"lightning",
							"thunder"
						]
					}
				]
			},
			"data": {
				"target.value": 10,
				"target.units": "ft",
				"target.type": "sphere"
			}
		},
		{
			"name": "Wind Soul",
			"source": "XGE",
			"className": "Sorcerer",
			"classSource": "PHB",
			"subclassShortName": "Storm",
			"subclassSource": "XGE",
			"level": 18,
			"actorDataMod": {
				"traits.di.value": [
					{
						"mode": "appendIfNotExistsArr",
						"items": [
							"lightning",
							"thunder"
						]
					}
				]
			}
		},
		{
			"name": "Fey Presence",
			"source": "PHB",
			"className": "Warlock",
			"classSource": "PHB",
			"subclassShortName": "Archfey",
			"subclassSource": "PHB",
			"level": 1,
			"data": {
				"target.value": 10,
				"target.units": "ft",
				"target.type": "cube"
			}
		},
		{
			"name": "Misty Escape",
			"source": "PHB",
			"className": "Warlock",
			"classSource": "PHB",
			"subclassShortName": "Archfey",
			"subclassSource": "PHB",
			"level": 6,
			"data": {
				"target.value": 1,
				"target.type": "space",
				"range.value": 60,
				"range.units": "ft"
			}
		},
		{
			"name": "Beguiling Defenses",
			"source": "PHB",
			"className": "Warlock",
			"classSource": "PHB",
			"subclassShortName": "Archfey",
			"subclassSource": "PHB",
			"level": 10,
			"actorDataMod": {
				"traits.ci.value": [
					{
						"mode": "appendIfNotExistsArr",
						"items": [
							"charmed"
						]
					}
				]
			}
		},
		{
			"name": "Dark Delirium",
			"source": "PHB",
			"className": "Warlock",
			"classSource": "PHB",
			"subclassShortName": "Archfey",
			"subclassSource": "PHB",
			"level": 14,
			"data": {
				"target.value": 1,
				"target.type": "creature",
				"range.value": 60,
				"range.units": "ft"
			}
		},
		{
			"name": "Radiant Soul",
			"source": "XGE",
			"className": "Warlock",
			"classSource": "PHB",
			"subclassShortName": "Celestial",
			"subclassSource": "XGE",
			"level": 6,
			"actorDataMod": {
				"traits.di.value": [
					{
						"mode": "appendIfNotExistsArr",
						"items": [
							"radiant"
						]
					}
				]
			}
		},
		{
			"name": "Searing Vengeance",
			"source": "XGE",
			"className": "Warlock",
			"classSource": "PHB",
			"subclassShortName": "Celestial",
			"subclassSource": "XGE",
			"level": 14,
			"data": {
				"target.value": 30,
				"target.units": "ft",
				"target.type": "sphere"
			}
		},
		{
			"name": "Awakened Mind",
			"source": "PHB",
			"className": "Warlock",
			"classSource": "PHB",
			"subclassShortName": "Great Old One",
			"subclassSource": "PHB",
			"level": 1,
			"data": {
				"target.value": 30,
				"target.units": "ft",
				"target.type": "sphere"
			}
		},
		{
			"name": "Thought Shield",
			"source": "PHB",
			"className": "Warlock",
			"classSource": "PHB",
			"subclassShortName": "Great Old One",
			"subclassSource": "PHB",
			"level": 10,
			"actorDataMod": {
				"traits.dr.value": [
					{
						"mode": "appendIfNotExistsArr",
						"items": [
							"psychic"
						]
					}
				]
			}
		},
		{
			"name": "Projected Ward",
			"source": "PHB",
			"className": "Wizard",
			"classSource": "PHB",
			"subclassShortName": "Abjuration",
			"subclassSource": "PHB",
			"level": 6,
			"data": {
				"target.value": 30,
				"target.units": "ft",
				"target.type": "sphere"
			}
		},
		{
			"name": "Chronal Shift",
			"source": "EGW",
			"className": "Wizard",
			"classSource": "PHB",
			"subclassShortName": "Chronurgy",
			"subclassSource": "EGW",
			"level": 2,
			"data": {
				"range.value": 30,
				"range.units": "ft"
			}
		},
		{
			"name": "Momentary Stasis",
			"source": "EGW",
			"className": "Wizard",
			"classSource": "PHB",
			"subclassShortName": "Chronurgy",
			"subclassSource": "EGW",
			"level": 6,
			"data": {
				"range.value": 60,
				"range.units": "ft"
			}
		},
		{
			"name": "Convergent Future",
			"source": "EGW",
			"className": "Wizard",
			"classSource": "PHB",
			"subclassShortName": "Chronurgy",
			"subclassSource": "EGW",
			"level": 14,
			"data": {
				"range.value": 60,
				"range.units": "ft"
			}
		},
		{
			"name": "Benign Transposition",
			"source": "PHB",
			"className": "Wizard",
			"classSource": "PHB",
			"subclassShortName": "Conjuration",
			"subclassSource": "PHB",
			"level": 6,
			"data": {
				"target.value": 1,
				"target.type": "space",
				"range.value": 30,
				"range.units": "ft"
			}
		},
		{
			"name": "Hypnotic Gaze",
			"source": "PHB",
			"className": "Wizard",
			"classSource": "PHB",
			"subclassShortName": "Enchantment",
			"subclassSource": "PHB",
			"level": 2,
			"data": {
				"target.value": 1,
				"target.type": "creature",
				"range.value": 5,
				"range.units": "ft"
			}
		},
		{
			"name": "Instinctive Charm",
			"source": "PHB",
			"className": "Wizard",
			"classSource": "PHB",
			"subclassShortName": "Enchantment",
			"subclassSource": "PHB",
			"level": 6,
			"data": {
				"target.value": 1,
				"target.type": "creature",
				"range.value": 30,
				"range.units": "ft"
			}
		},
		{
			"name": "Adjust Density",
			"source": "EGW",
			"className": "Wizard",
			"classSource": "PHB",
			"subclassShortName": "Graviturgy",
			"subclassSource": "EGW",
			"level": 2,
			"data": {
				"target.value": 1,
				"target.type": "creature",
				"range.value": 30,
				"range.units": "ft"
			}
		},
		{
			"name": "Violent Attraction",
			"source": "EGW",
			"className": "Wizard",
			"classSource": "PHB",
			"subclassShortName": "Graviturgy",
			"subclassSource": "EGW",
			"level": 10,
			"data": {
				"target.value": 1,
				"target.type": "creature",
				"range.value": 60,
				"range.units": "ft"
			}
		},
		{
			"name": "Event Horizon",
			"source": "EGW",
			"className": "Wizard",
			"classSource": "PHB",
			"subclassShortName": "Graviturgy",
			"subclassSource": "EGW",
			"level": 14,
			"data": {
				"target.value": 30,
				"target.units": "ft",
				"target.type": "sphere"
			}
		},
		{
			"name": "Inured to Undeath",
			"source": "PHB",
			"className": "Wizard",
			"classSource": "PHB",
			"subclassShortName": "Necromancy",
			"subclassSource": "PHB",
			"level": 10,
			"actorDataMod": {
				"traits.dr.value": [
					{
						"mode": "appendIfNotExistsArr",
						"items": [
							"necrotic"
						]
					}
				]
			}
		},
		{
			"name": "Command Undead",
			"source": "PHB",
			"className": "Wizard",
			"classSource": "PHB",
			"subclassShortName": "Necromancy",
			"subclassSource": "PHB",
			"level": 14,
			"data": {
				"target.value": 1,
				"target.type": "creature",
				"range.value": 60,
				"range.units": "ft"
			}
		},
		{
			"name": "Deflecting Shroud",
			"source": "XGE",
			"className": "Wizard",
			"classSource": "PHB",
			"subclassShortName": "War",
			"subclassSource": "XGE",
			"level": 14,
			"data": {
				"target.value": 3,
				"target.type": "creature",
				"range.value": 60,
				"range.units": "ft"
			}
		},
		{
			"name": "Call the Hunt",
			"source": "TCE",
			"className": "Barbarian",
			"classSource": "PHB",
			"subclassShortName": "Beast",
			"subclassSource": "TCE",
			"level": 14,
			"data": {
				"target.value": 30,
				"target.units": "ft"
			}
		},
		{
			"name": "Magic Awareness",
			"source": "TCE",
			"className": "Barbarian",
			"classSource": "PHB",
			"subclassShortName": "Wild Magic",
			"subclassSource": "TCE",
			"level": 3,
			"data": {
				"target.value": 60,
				"target.units": "ft"
			}
		},
		{
			"name": "Performance of Creation",
			"source": "TCE",
			"className": "Bard",
			"classSource": "PHB",
			"subclassShortName": "College of Creation",
			"subclassSource": "TCE",
			"level": 3,
			"data": {
				"target.value": 1,
				"target.type": "object",
				"range.value": 10,
				"range.units": "ft"
			}
		},
		{
			"name": "Animating Performance",
			"source": "TCE",
			"className": "Bard",
			"classSource": "PHB",
			"subclassShortName": "College of Creation",
			"subclassSource": "TCE",
			"level": 6,
			"data": {
				"target.value": 1,
				"target.type": "object",
				"range.value": 30,
				"range.units": "ft"
			}
		},
		{
			"name": "Unsettling Words",
			"source": "TCE",
			"className": "Bard",
			"classSource": "PHB",
			"subclassShortName": "Eloquence",
			"subclassSource": "TCE",
			"level": 3,
			"data": {
				"target.value": 1,
				"target.type": "creature",
				"range.value": 60,
				"range.units": "ft"
			}
		},
		{
			"name": "Universal Speech",
			"source": "TCE",
			"className": "Bard",
			"classSource": "PHB",
			"subclassShortName": "Eloquence",
			"subclassSource": "TCE",
			"level": 6,
			"data": {
				"target.type": "creature",
				"range.value": 60,
				"range.units": "ft"
			}
		},
		{
			"name": "Infectious Inspiration",
			"source": "TCE",
			"className": "Bard",
			"classSource": "PHB",
			"subclassShortName": "Eloquence",
			"subclassSource": "TCE",
			"level": 14,
			"data": {
				"target.value": 1,
				"target.type": "creature",
				"range.value": 60,
				"range.units": "ft"
			}
		},
		{
			"name": "Emboldening Bond",
			"source": "TCE",
			"className": "Cleric",
			"classSource": "PHB",
			"subclassShortName": "Peace",
			"subclassSource": "TCE",
			"level": 1,
			"data": {
				"target.type": "creature",
				"range.value": 30,
				"range.units": "ft"
			}
		},
		{
			"name": "Eyes of Night",
			"source": "TCE",
			"className": "Cleric",
			"classSource": "PHB",
			"subclassShortName": "Twilight",
			"subclassSource": "TCE",
			"level": 1,
			"actorTokenMod": {
				"dimSight": [
					{
						"mode": "setMax",
						"value": 300
					}
				]
			},
			"data": {
				"target.type": "creature",
				"range.value": 10,
				"range.units": "ft"
			}
		},
		{
			"name": "Summon Wildfire Spirit",
			"source": "TCE",
			"className": "Druid",
			"classSource": "PHB",
			"subclassShortName": "Wildfire",
			"subclassSource": "TCE",
			"level": 2,
			"data": {
				"target.type": "space",
				"range.value": 30,
				"range.units": "ft"
			}
		},
		{
			"name": "Guarded Mind",
			"source": "TCE",
			"className": "Fighter",
			"classSource": "PHB",
			"subclassShortName": "Psi Warrior",
			"subclassSource": "TCE",
			"level": 10,
			"actorDataMod": {
				"traits.dr.value": [
					{
						"mode": "appendIfNotExistsArr",
						"items": [
							"psychic"
						]
					}
				]
			}
		},
		{
			"name": "Bulwark of Force",
			"source": "TCE",
			"className": "Fighter",
			"classSource": "PHB",
			"subclassShortName": "Psi Warrior",
			"subclassSource": "TCE",
			"level": 15,
			"data": {
				"target.type": "creature",
				"range.value": 30,
				"range.units": "ft"
			}
		},
		{
			"name": "Runic Shield",
			"source": "TCE",
			"className": "Fighter",
			"classSource": "PHB",
			"subclassShortName": "Rune Knight",
			"subclassSource": "TCE",
			"level": 7,
			"data": {
				"target.value": 1,
				"target.type": "creature",
				"range.value": 60,
				"range.units": "ft"
			}
		},
		{
			"name": "Vigilant Rebuke",
			"source": "TCE",
			"className": "Paladin",
			"classSource": "PHB",
			"subclassShortName": "Watchers",
			"subclassSource": "TCE",
			"level": 15,
			"data": {
				"target.value": 1,
				"target.type": "creature",
				"range.value": 30,
				"range.units": "ft"
			}
		},
		{
			"name": "Beguiling Twist",
			"source": "TCE",
			"className": "Ranger",
			"classSource": "PHB",
			"subclassShortName": "Fey Wanderer",
			"subclassSource": "TCE",
			"level": 7,
			"data": {
				"target.value": 1,
				"target.type": "creature",
				"range.value": 120,
				"range.units": "ft"
			}
		},
		{
			"name": "Wails from the Grave",
			"source": "TCE",
			"className": "Rogue",
			"classSource": "PHB",
			"subclassShortName": "Phantom",
			"subclassSource": "TCE",
			"level": 3,
			"data": {
				"target.value": 1,
				"target.type": "creature",
				"range.value": 30,
				"range.units": "ft"
			}
		},
		{
			"name": "Telepathic Speech",
			"source": "TCE",
			"className": "Sorcerer",
			"classSource": "PHB",
			"subclassShortName": "Aberrant Mind",
			"subclassSource": "TCE",
			"level": 1,
			"data": {
				"target.value": 1,
				"target.type": "creature",
				"range.value": 30,
				"range.units": "ft"
			}
		},
		{
			"name": "Warping Implosion",
			"source": "TCE",
			"className": "Sorcerer",
			"classSource": "PHB",
			"subclassShortName": "Aberrant Mind",
			"subclassSource": "TCE",
			"level": 18,
			"data": {
				"target.value": 1,
				"target.type": "space",
				"range.value": 120,
				"range.units": "ft"
			}
		},
		{
			"name": "Restore Balance",
			"source": "TCE",
			"className": "Sorcerer",
			"classSource": "PHB",
			"subclassShortName": "Clockwork Soul",
			"subclassSource": "TCE",
			"level": 1,
			"data": {
				"target.value": 1,
				"target.type": "creature",
				"range.value": 60,
				"range.units": "ft"
			}
		},
		{
			"name": "Bastion of Law",
			"source": "TCE",
			"className": "Sorcerer",
			"classSource": "PHB",
			"subclassShortName": "Clockwork Soul",
			"subclassSource": "TCE",
			"level": 6,
			"data": {
				"target.value": 1,
				"target.type": "creature",
				"range.value": 30,
				"range.units": "ft"
			}
		},
		{
			"name": "Clockwork Cavalcade",
			"source": "TCE",
			"className": "Sorcerer",
			"classSource": "PHB",
			"subclassShortName": "Clockwork Soul",
			"subclassSource": "TCE",
			"level": 18,
			"data": {
				"target.value": 30,
				"target.units": "ft",
				"target.type": "cube"
			}
		},
		{
			"name": "Tentacle of the Deeps",
			"source": "TCE",
			"className": "Warlock",
			"classSource": "PHB",
			"subclassShortName": "Fathomless",
			"subclassSource": "TCE",
			"level": 1,
			"data": {
				"target.value": 1,
				"target.type": "space",
				"range.value": 60,
				"range.units": "ft"
			},
			"actorDataMod": {
				"attributes.movement.swim": [
					{
						"mode": "setMax",
						"value": 40
					}
				]
			}
		},
		{
			"name": "Oceanic Soul",
			"source": "TCE",
			"className": "Warlock",
			"classSource": "PHB",
			"subclassShortName": "Fathomless",
			"subclassSource": "TCE",
			"level": 6,
			"actorDataMod": {
				"traits.dr.value": [
					{
						"mode": "appendIfNotExistsArr",
						"items": [
							"cold"
						]
					}
				]
			}
		},
		{
			"name": "Fathomless Plunge",
			"source": "TCE",
			"className": "Warlock",
			"classSource": "PHB",
			"subclassShortName": "Fathomless",
			"subclassSource": "TCE",
			"level": 14,
			"data": {
				"target.value": 30,
				"target.units": "ft",
				"target.type": "radius",
				"range.value": 1,
				"range.units": "mi"
			}
		},
		{
			"name": "Sanctuary Vessel",
			"source": "TCE",
			"className": "Warlock",
			"classSource": "PHB",
			"subclassShortName": "Genie",
			"subclassSource": "TCE",
			"level": 10,
			"data": {
				"target.value": 5,
				"target.type": "creature",
				"range.value": 30,
				"range.units": "ft"
			}
		},
		{
			"name": "Unleash Incarnation",
			"source": "EGW",
			"className": "Fighter",
			"classSource": "PHB",
			"subclassShortName": "Echo Knight",
			"subclassSource": "EGW",
			"level": 3,
			"data": {
				"activation.type": "special",
				"activation.condition": "Whenever you take the Attack action",
				"activation.cost": 1
			}
		},
		{
			"name": "Additional Arcane Shot Option",
			"source": "XGE",
			"className": "Fighter",
			"classSource": "PHB",
			"subclassShortName": "Arcane Archer",
			"subclassSource": "XGE",
			"level": 7,
			"entries": [
				{
					"type": "options",
					"count": 2,
					"entries": [
						{
							"type": "refOptionalfeature",
							"optionalfeature": "Banishing Arrow|XGE"
						},
						{
							"type": "refOptionalfeature",
							"optionalfeature": "Beguiling Arrow|XGE"
						},
						{
							"type": "refOptionalfeature",
							"optionalfeature": "Bursting Arrow|XGE"
						},
						{
							"type": "refOptionalfeature",
							"optionalfeature": "Enfeebling Arrow|XGE"
						},
						{
							"type": "refOptionalfeature",
							"optionalfeature": "Grasping Arrow|XGE"
						},
						{
							"type": "refOptionalfeature",
							"optionalfeature": "Piercing Arrow|XGE"
						},
						{
							"type": "refOptionalfeature",
							"optionalfeature": "Seeking Arrow|XGE"
						},
						{
							"type": "refOptionalfeature",
							"optionalfeature": "Shadow Arrow|XGE"
						}
					]
				}
			]
		},
		{
			"name": "Additional Arcane Shot Option",
			"source": "XGE",
			"className": "Fighter",
			"classSource": "PHB",
			"subclassShortName": "Arcane Archer",
			"subclassSource": "XGE",
			"level": 10,
			"entries": [
				{
					"type": "options",
					"count": 2,
					"entries": [
						{
							"type": "refOptionalfeature",
							"optionalfeature": "Banishing Arrow|XGE"
						},
						{
							"type": "refOptionalfeature",
							"optionalfeature": "Beguiling Arrow|XGE"
						},
						{
							"type": "refOptionalfeature",
							"optionalfeature": "Bursting Arrow|XGE"
						},
						{
							"type": "refOptionalfeature",
							"optionalfeature": "Enfeebling Arrow|XGE"
						},
						{
							"type": "refOptionalfeature",
							"optionalfeature": "Grasping Arrow|XGE"
						},
						{
							"type": "refOptionalfeature",
							"optionalfeature": "Piercing Arrow|XGE"
						},
						{
							"type": "refOptionalfeature",
							"optionalfeature": "Seeking Arrow|XGE"
						},
						{
							"type": "refOptionalfeature",
							"optionalfeature": "Shadow Arrow|XGE"
						}
					]
				}
			]
		},
		{
			"name": "Additional Arcane Shot Option",
			"source": "XGE",
			"className": "Fighter",
			"classSource": "PHB",
			"subclassShortName": "Arcane Archer",
			"subclassSource": "XGE",
			"level": 15,
			"entries": [
				{
					"type": "options",
					"count": 2,
					"entries": [
						{
							"type": "refOptionalfeature",
							"optionalfeature": "Banishing Arrow|XGE"
						},
						{
							"type": "refOptionalfeature",
							"optionalfeature": "Beguiling Arrow|XGE"
						},
						{
							"type": "refOptionalfeature",
							"optionalfeature": "Bursting Arrow|XGE"
						},
						{
							"type": "refOptionalfeature",
							"optionalfeature": "Enfeebling Arrow|XGE"
						},
						{
							"type": "refOptionalfeature",
							"optionalfeature": "Grasping Arrow|XGE"
						},
						{
							"type": "refOptionalfeature",
							"optionalfeature": "Piercing Arrow|XGE"
						},
						{
							"type": "refOptionalfeature",
							"optionalfeature": "Seeking Arrow|XGE"
						},
						{
							"type": "refOptionalfeature",
							"optionalfeature": "Shadow Arrow|XGE"
						}
					]
				}
			]
		},
		{
			"name": "Additional Arcane Shot Option",
			"source": "XGE",
			"className": "Fighter",
			"classSource": "PHB",
			"subclassShortName": "Arcane Archer",
			"subclassSource": "XGE",
			"level": 18,
			"entries": [
				{
					"type": "options",
					"count": 2,
					"entries": [
						{
							"type": "refOptionalfeature",
							"optionalfeature": "Banishing Arrow|XGE"
						},
						{
							"type": "refOptionalfeature",
							"optionalfeature": "Beguiling Arrow|XGE"
						},
						{
							"type": "refOptionalfeature",
							"optionalfeature": "Bursting Arrow|XGE"
						},
						{
							"type": "refOptionalfeature",
							"optionalfeature": "Enfeebling Arrow|XGE"
						},
						{
							"type": "refOptionalfeature",
							"optionalfeature": "Grasping Arrow|XGE"
						},
						{
							"type": "refOptionalfeature",
							"optionalfeature": "Piercing Arrow|XGE"
						},
						{
							"type": "refOptionalfeature",
							"optionalfeature": "Seeking Arrow|XGE"
						},
						{
							"type": "refOptionalfeature",
							"optionalfeature": "Shadow Arrow|XGE"
						}
					]
				}
			]
		},
		{
			"name": "Rune Carver",
			"source": "TCE",
			"className": "Fighter",
			"classSource": "PHB",
			"subclassShortName": "Rune Knight",
			"subclassSource": "TCE",
			"level": 3,
			"entries": [
				"{@i 3rd-level Rune Knight feature}",
				"You can use magic runes to enhance your gear. You learn two runes of your choice, from among the runes described below, and each time you gain a level in this class, you can replace one rune you know with a different one from this feature. When you reach certain levels in this class, you learn additional runes, as shown in the Runes Known table.",
				"Whenever you finish a long rest, you can touch a number of objects equal to the number of runes you know, and you inscribe a different rune onto each of the objects. To be eligible, an object must be a weapon, a suit of armor, a shield, a piece of jewelry, or something else you can wear or hold in a hand. Your rune remains on an object until you finish a long rest, and an object can bear only one of your runes at a time.",
				{
					"type": "table",
					"caption": "Runes Known",
					"colLabels": [
						"Fighter Level",
						"Number of Runes"
					],
					"colStyles": [
						"col-6 text-center",
						"col-6 text-center"
					],
					"rows": [
						[
							"3rd",
							"2"
						],
						[
							"7th",
							"3"
						],
						[
							"10th",
							"4"
						],
						[
							"15th",
							"5"
						]
					]
				},
				"The following runes are available to you when you learn a rune. If a rune has a level requirement, you must be at least that level in this class to learn the rune. If a rune requires a saving throw, your Rune Magic save DC equals 8 + your proficiency bonus + your Constitution modifier.",
				{
					"type": "options",
					"count": 2,
					"entries": [
						{
							"type": "refOptionalfeature",
							"optionalfeature": "Cloud Rune|TCE"
						},
						{
							"type": "refOptionalfeature",
							"optionalfeature": "Fire Rune|TCE"
						},
						{
							"type": "refOptionalfeature",
							"optionalfeature": "Frost Rune|TCE"
						},
						{
							"type": "refOptionalfeature",
							"optionalfeature": "Stone Rune|TCE"
						}
					]
				}
			]
		},
		{
			"name": "Additional Rune Known",
			"source": "TCE",
			"className": "Fighter",
			"classSource": "PHB",
			"subclassShortName": "Rune Knight",
			"subclassSource": "TCE",
			"level": 7,
			"entries": [
				{
					"type": "options",
					"count": 1,
					"entries": [
						{
							"type": "refOptionalfeature",
							"optionalfeature": "Cloud Rune|TCE"
						},
						{
							"type": "refOptionalfeature",
							"optionalfeature": "Fire Rune|TCE"
						},
						{
							"type": "refOptionalfeature",
							"optionalfeature": "Frost Rune|TCE"
						},
						{
							"type": "refOptionalfeature",
							"optionalfeature": "Stone Rune|TCE"
						},
						{
							"type": "refOptionalfeature",
							"optionalfeature": "Hill Rune|TCE"
						},
						{
							"type": "refOptionalfeature",
							"optionalfeature": "Storm Rune|TCE"
						}
					]
				}
			]
		},
		{
			"name": "Additional Rune Known",
			"source": "TCE",
			"className": "Fighter",
			"classSource": "PHB",
			"subclassShortName": "Rune Knight",
			"subclassSource": "TCE",
			"level": 10,
			"entries": [
				{
					"type": "options",
					"count": 1,
					"entries": [
						{
							"type": "refOptionalfeature",
							"optionalfeature": "Cloud Rune|TCE"
						},
						{
							"type": "refOptionalfeature",
							"optionalfeature": "Fire Rune|TCE"
						},
						{
							"type": "refOptionalfeature",
							"optionalfeature": "Frost Rune|TCE"
						},
						{
							"type": "refOptionalfeature",
							"optionalfeature": "Stone Rune|TCE"
						},
						{
							"type": "refOptionalfeature",
							"optionalfeature": "Hill Rune|TCE"
						},
						{
							"type": "refOptionalfeature",
							"optionalfeature": "Storm Rune|TCE"
						}
					]
				}
			]
		},
		{
			"name": "Additional Rune Known",
			"source": "TCE",
			"className": "Fighter",
			"classSource": "PHB",
			"subclassShortName": "Rune Knight",
			"subclassSource": "TCE",
			"level": 15,
			"entries": [
				{
					"type": "options",
					"count": 1,
					"entries": [
						{
							"type": "refOptionalfeature",
							"optionalfeature": "Cloud Rune|TCE"
						},
						{
							"type": "refOptionalfeature",
							"optionalfeature": "Fire Rune|TCE"
						},
						{
							"type": "refOptionalfeature",
							"optionalfeature": "Frost Rune|TCE"
						},
						{
							"type": "refOptionalfeature",
							"optionalfeature": "Stone Rune|TCE"
						},
						{
							"type": "refOptionalfeature",
							"optionalfeature": "Hill Rune|TCE"
						},
						{
							"type": "refOptionalfeature",
							"optionalfeature": "Storm Rune|TCE"
						}
					]
				}
			]
		},
		{
			"name": "Extra Elemental Discipline",
			"source": "PHB",
			"className": "Monk",
			"classSource": "PHB",
			"subclassShortName": "Four Elements",
			"subclassSource": "PHB",
			"level": 6,
			"entries": [
				{
					"type": "options",
					"count": 1,
					"entries": [
						{
							"type": "refOptionalfeature",
							"optionalfeature": "Breath of Winter",
							"name": "Breath of Winter (17th Level Required)"
						},
						{
							"type": "refOptionalfeature",
							"optionalfeature": "Clench of the North Wind",
							"name": "Clench of the North Wind (6th Level Required)"
						},
						{
							"type": "refOptionalfeature",
							"optionalfeature": "Eternal Mountain Defense",
							"name": "Eternal Mountain Defense (17th Level Required)"
						},
						{
							"type": "refOptionalfeature",
							"optionalfeature": "Fangs of the Fire Snake"
						},
						{
							"type": "refOptionalfeature",
							"optionalfeature": "Fist of Four Thunders"
						},
						{
							"type": "refOptionalfeature",
							"optionalfeature": "Unbroken Air"
						},
						{
							"type": "refOptionalfeature",
							"optionalfeature": "Flames of the Phoenix",
							"name": "Flames of the Phoenix (11th Level Required)"
						},
						{
							"type": "refOptionalfeature",
							"optionalfeature": "Gong of the Summit",
							"name": "Gong of the Summit (6th Level Required)"
						},
						{
							"type": "refOptionalfeature",
							"optionalfeature": "Mist Stance",
							"name": "Mist Stance (11th Level Required)"
						},
						{
							"type": "refOptionalfeature",
							"optionalfeature": "Ride the Wind",
							"name": "Ride the Wind (11th Level Required)"
						},
						{
							"type": "refOptionalfeature",
							"optionalfeature": "River of Hungry Flame",
							"name": "River of Hungry Flame (17th Level Required)"
						},
						{
							"type": "refOptionalfeature",
							"optionalfeature": "Rush of the Gale Spirits"
						},
						{
							"type": "refOptionalfeature",
							"optionalfeature": "Shape the Flowing River"
						},
						{
							"type": "refOptionalfeature",
							"optionalfeature": "Sweeping Cinder Strike"
						},
						{
							"type": "refOptionalfeature",
							"optionalfeature": "Water Whip"
						},
						{
							"type": "refOptionalfeature",
							"optionalfeature": "Wave of Rolling Earth",
							"name": "Wave of Rolling Earth (17th Level Required)"
						}
					]
				}
			]
		},
		{
			"name": "Extra Elemental Discipline",
			"source": "PHB",
			"className": "Monk",
			"classSource": "PHB",
			"subclassShortName": "Four Elements",
			"subclassSource": "PHB",
			"level": 11,
			"entries": [
				{
					"type": "options",
					"count": 1,
					"entries": [
						{
							"type": "refOptionalfeature",
							"optionalfeature": "Breath of Winter",
							"name": "Breath of Winter (17th Level Required)"
						},
						{
							"type": "refOptionalfeature",
							"optionalfeature": "Clench of the North Wind",
							"name": "Clench of the North Wind (6th Level Required)"
						},
						{
							"type": "refOptionalfeature",
							"optionalfeature": "Eternal Mountain Defense",
							"name": "Eternal Mountain Defense (17th Level Required)"
						},
						{
							"type": "refOptionalfeature",
							"optionalfeature": "Fangs of the Fire Snake"
						},
						{
							"type": "refOptionalfeature",
							"optionalfeature": "Fist of Four Thunders"
						},
						{
							"type": "refOptionalfeature",
							"optionalfeature": "Unbroken Air"
						},
						{
							"type": "refOptionalfeature",
							"optionalfeature": "Flames of the Phoenix",
							"name": "Flames of the Phoenix (11th Level Required)"
						},
						{
							"type": "refOptionalfeature",
							"optionalfeature": "Gong of the Summit",
							"name": "Gong of the Summit (6th Level Required)"
						},
						{
							"type": "refOptionalfeature",
							"optionalfeature": "Mist Stance",
							"name": "Mist Stance (11th Level Required)"
						},
						{
							"type": "refOptionalfeature",
							"optionalfeature": "Ride the Wind",
							"name": "Ride the Wind (11th Level Required)"
						},
						{
							"type": "refOptionalfeature",
							"optionalfeature": "River of Hungry Flame",
							"name": "River of Hungry Flame (17th Level Required)"
						},
						{
							"type": "refOptionalfeature",
							"optionalfeature": "Rush of the Gale Spirits"
						},
						{
							"type": "refOptionalfeature",
							"optionalfeature": "Shape the Flowing River"
						},
						{
							"type": "refOptionalfeature",
							"optionalfeature": "Sweeping Cinder Strike"
						},
						{
							"type": "refOptionalfeature",
							"optionalfeature": "Water Whip"
						},
						{
							"type": "refOptionalfeature",
							"optionalfeature": "Wave of Rolling Earth",
							"name": "Wave of Rolling Earth (17th Level Required)"
						}
					]
				}
			]
		},
		{
			"name": "Extra Elemental Discipline",
			"source": "PHB",
			"className": "Monk",
			"classSource": "PHB",
			"subclassShortName": "Four Elements",
			"subclassSource": "PHB",
			"level": 17,
			"entries": [
				{
					"type": "options",
					"count": 1,
					"entries": [
						{
							"type": "refOptionalfeature",
							"optionalfeature": "Breath of Winter",
							"name": "Breath of Winter (17th Level Required)"
						},
						{
							"type": "refOptionalfeature",
							"optionalfeature": "Clench of the North Wind",
							"name": "Clench of the North Wind (6th Level Required)"
						},
						{
							"type": "refOptionalfeature",
							"optionalfeature": "Eternal Mountain Defense",
							"name": "Eternal Mountain Defense (17th Level Required)"
						},
						{
							"type": "refOptionalfeature",
							"optionalfeature": "Fangs of the Fire Snake"
						},
						{
							"type": "refOptionalfeature",
							"optionalfeature": "Fist of Four Thunders"
						},
						{
							"type": "refOptionalfeature",
							"optionalfeature": "Unbroken Air"
						},
						{
							"type": "refOptionalfeature",
							"optionalfeature": "Flames of the Phoenix",
							"name": "Flames of the Phoenix (11th Level Required)"
						},
						{
							"type": "refOptionalfeature",
							"optionalfeature": "Gong of the Summit",
							"name": "Gong of the Summit (6th Level Required)"
						},
						{
							"type": "refOptionalfeature",
							"optionalfeature": "Mist Stance",
							"name": "Mist Stance (11th Level Required)"
						},
						{
							"type": "refOptionalfeature",
							"optionalfeature": "Ride the Wind",
							"name": "Ride the Wind (11th Level Required)"
						},
						{
							"type": "refOptionalfeature",
							"optionalfeature": "River of Hungry Flame",
							"name": "River of Hungry Flame (17th Level Required)"
						},
						{
							"type": "refOptionalfeature",
							"optionalfeature": "Rush of the Gale Spirits"
						},
						{
							"type": "refOptionalfeature",
							"optionalfeature": "Shape the Flowing River"
						},
						{
							"type": "refOptionalfeature",
							"optionalfeature": "Sweeping Cinder Strike"
						},
						{
							"type": "refOptionalfeature",
							"optionalfeature": "Water Whip"
						},
						{
							"type": "refOptionalfeature",
							"optionalfeature": "Wave of Rolling Earth",
							"name": "Wave of Rolling Earth (17th Level Required)"
						}
					]
				}
			]
		}
	]
}
