{
	"AI": "bestiary-ai.json",
	"BGDIA": "bestiary-bgdia.json",
	"CM": "bestiary-cm.json",
	"CoS": "bestiary-cos.json",
	"DC": "bestiary-dc.json",
	"DIP": "bestiary-dip.json",
	"DMG": "bestiary-dmg.json",
	"EGW": "bestiary-egw.json",
	"ERLW": "bestiary-erlw.json",
	"ESK": "bestiary-esk.json",
	"GGR": "bestiary-ggr.json",
	"GoS": "bestiary-gos.json",
	"HftT": "bestiary-hftt.json",
	"HotDQ": "bestiary-hotdq.json",
	"IDRotF": "bestiary-idrotf.json",
	"IMR": "bestiary-imr.json",
	"KKW": "bestiary-kkw.json",
	"LLK": "bestiary-llk.json",
	"LMoP": "bestiary-lmop.json",
	"LR": "bestiary-lr.json",
	"Mag": "bestiary-mag.json",
	"MFF": "bestiary-mff.json",
	"MM": "bestiary-mm.json",
	"MOT": "bestiary-mot.json",
	"MTF": "bestiary-mtf.json",
	"OotA": "bestiary-oota.json",
	"OoW": "bestiary-oow.json",
	"PSA": "bestiary-ps-a.json",
	"PSD": "bestiary-ps-d.json",
	"PSI": "bestiary-ps-i.json",
	"PSK": "bestiary-ps-k.json",
	"PSX": "bestiary-ps-x.json",
	"PSZ": "bestiary-ps-z.json",
	"PHB": "bestiary-phb.json",
	"PotA": "bestiary-pota.json",
	"RMBRE": "bestiary-rmbre.json",
	"RoT": "bestiary-rot.json",
	"SADS": "bestiary-sads.json",
	"SDW": "bestiary-sdw.json",
	"SKT": "bestiary-skt.json",
	"SLW": "bestiary-slw.json",
	"TCE": "bestiary-tce.json",
	"TTP": "bestiary-ttp.json",
	"TftYP": "bestiary-tftyp.json",
	"ToA": "bestiary-toa.json",
	"VGM": "bestiary-vgm.json",
	"XGE": "bestiary-xge.json",
	"UA2020SubclassesPt2": "bestiary-ua-20s2.json",
	"UA2020SubclassesPt5": "bestiary-ua-20s5.json",
	"UA2020SpellsAndMagicTattoos": "bestiary-ua-2020smt.json",
	"UAArtificerRevisited": "bestiary-ua-ar.json",
	"UAClassFeatureVariants": "bestiary-ua-cfv.json",
	"UAClericDruidWizard": "bestiary-ua-cdw.json",
	"WDH": "bestiary-wdh.json",
	"WDMM": "bestiary-wdmm.json"
}
