{
	"feat": [
		{
			"name": "Dragon Wings",
			"source": "UAFeatsForRaces",
			"effects": [
				{
					"name": "Flying Speed",
					"changes": [
						{
							"key": "data.attributes.movement.fly",
							"mode": "UPGRADE",
							"value": 20
						}
					]
				}
			]
		},
		{
			"name": "Mobile",
			"source": "PHB",
			"effects": [
				{
					"name": "Movement Speed Increase",
					"changes": [
						{
							"key": "data.attributes.movement.walk",
							"mode": "ADD",
							"value": 10
						}
					]
				}
			]
		},
		{
			"name": "Squat Nimbleness",
			"source": "UAFeatsForRaces",
			"effects": [
				{
					"name": "Movement Speed Increase",
					"changes": [
						{
							"key": "data.attributes.movement.walk",
							"mode": "ADD",
							"value": 5
						}
					]
				}
			]
		},
		{
			"name": "Squat Nimbleness",
			"source": "XGE",
			"effects": [
				{
					"name": "Movement Speed Increase",
					"changes": [
						{
							"key": "data.attributes.movement.walk",
							"mode": "ADD",
							"value": 5
						}
					]
				}
			]
		}
	]
}
