{
	"XGE": {
		"Bountiful Luck": "media/icon/feat/xge-bountiful-luck.jpg",
		"Dragon Fear": "media/icon/feat/xge-dragon-fear.jpg",
		"Dragon Hide": "media/icon/feat/xge-dragon-hide.jpg",
		"Drow High Magic": "media/icon/feat/xge-drow-high-magic.jpg",
		"Dwarven Fortitude": "media/icon/feat/xge-dwarven-fortitude.jpg",
		"Elven Accuracy": "media/icon/feat/xge-elven-accuracy.jpg",
		"Fade Away": "media/icon/feat/xge-fade-away.jpg",
		"Fey Teleportation": "media/icon/feat/xge-fey-teleportation.jpg",
		"Flames of Phlegethos": "media/icon/feat/xge-flames-of-phlegethos.jpg",
		"Infernal Constitution": "media/icon/feat/xge-infernal-constitution.jpg",
		"Orcish Fury": "media/icon/feat/xge-orcish-fury.jpg",
		"Prodigy": "media/icon/feat/xge-prodigy.jpg",
		"Second Chance": "media/icon/feat/xge-second-chance.jpg",
		"Squat Nimbleness": "media/icon/feat/xge-squat-nimbleness.jpg",
		"Wood Elf Magic": "media/icon/feat/xge-wood-elf-magic.jpg"
	},
	"PHB": {
		"Actor": "media/icon/feat/phb-actor.jpg",
		"Alert": "media/icon/feat/phb-alert.jpg",
		"Athlete": "media/icon/feat/phb-athlete.jpg",
		"Charger": "media/icon/feat/phb-charger.jpg",
		"Crossbow Expert": "media/icon/feat/phb-crossbow-expert.jpg",
		"Defensive Duelist": "media/icon/feat/phb-defensive-duelist.jpg",
		"Dual Wielder": "media/icon/feat/phb-dual-wielder.jpg",
		"Dungeon Delver": "media/icon/feat/phb-dungeon-delver.jpg",
		"Durable": "media/icon/feat/phb-durable.jpg",
		"Elemental Adept": "media/icon/feat/phb-elemental-adept.jpg",
		"Grappler": "media/icon/feat/phb-grappler.jpg",
		"Great Weapon Master": "media/icon/feat/phb-great-weapon-master.jpg",
		"Healer": "media/icon/feat/phb-healer.jpg",
		"Heavily Armored": "media/icon/feat/phb-heavily-armored.jpg",
		"Heavy Armor Master": "media/icon/feat/phb-heavy-armor-master.jpg",
		"Inspiring Leader": "media/icon/feat/phb-inspiring-leader.jpg",
		"Keen Mind": "media/icon/feat/phb-keen-mind.jpg",
		"Lightly Armored": "media/icon/feat/phb-lightly-armored.jpg",
		"Linguist": "media/icon/feat/phb-linguist.jpg",
		"Lucky": "media/icon/feat/phb-lucky.jpg",
		"Mage Slayer": "media/icon/feat/phb-mage-slayer.jpg",
		"Magic Initiate": "media/icon/feat/phb-magic-initiate.jpg",
		"Martial Adept": "media/icon/feat/phb-martial-adept.jpg",
		"Medium Armor Master": "media/icon/feat/phb-medium-armor-master.jpg",
		"Mobile": "media/icon/feat/phb-mobile.jpg",
		"Moderately Armored": "media/icon/feat/phb-moderately-armored.jpg",
		"Mounted Combatant": "media/icon/feat/phb-mounted-combatant.jpg",
		"Observant": "media/icon/feat/phb-observant.jpg",
		"Polearm Master": "media/icon/feat/phb-polearm-master.jpg",
		"Resilient": "media/icon/feat/phb-resilient.jpg",
		"Ritual Caster": "media/icon/feat/phb-ritual-caster.jpg",
		"Savage Attacker": "media/icon/feat/phb-savage-attacker.jpg",
		"Sentinel": "media/icon/feat/phb-sentinel.jpg",
		"Sharpshooter": "media/icon/feat/phb-sharpshooter.jpg",
		"Shield Master": "media/icon/feat/phb-shield-master.jpg",
		"Skilled": "media/icon/feat/phb-skilled.jpg",
		"Skulker": "media/icon/feat/phb-skulker.jpg",
		"Spell Sniper": "media/icon/feat/phb-spell-sniper.jpg",
		"Tavern Brawler": "media/icon/feat/phb-tavern-brawler.jpg",
		"Tough": "media/icon/feat/phb-tough.jpg",
		"War Caster": "media/icon/feat/phb-war-caster.jpg",
		"Weapon Master": "media/icon/feat/phb-weapon-master.jpg"
	},
	"MTF": {
		"Svirfneblin Magic": "media/icon/feat/mtf-svirfneblin-magic.jpg"
	},
	"ERLW": {
		"Aberrant Dragonmark": "media/icon/feat/erlw-aberrant-dragonmark.jpg",
		"Revenant Blade": "media/icon/feat/erlw-revenant-blade.jpg"
	}
}